[{"model": "auth.permission", "pk": 1, "fields": {"name": "Can add log entry", "content_type": 1, "codename": "add_logentry"}}, {"model": "auth.permission", "pk": 2, "fields": {"name": "Can change log entry", "content_type": 1, "codename": "change_logentry"}}, {"model": "auth.permission", "pk": 3, "fields": {"name": "Can delete log entry", "content_type": 1, "codename": "delete_logentry"}}, {"model": "auth.permission", "pk": 4, "fields": {"name": "Can view log entry", "content_type": 1, "codename": "view_logentry"}}, {"model": "auth.permission", "pk": 5, "fields": {"name": "Can add permission", "content_type": 2, "codename": "add_permission"}}, {"model": "auth.permission", "pk": 6, "fields": {"name": "Can change permission", "content_type": 2, "codename": "change_permission"}}, {"model": "auth.permission", "pk": 7, "fields": {"name": "Can delete permission", "content_type": 2, "codename": "delete_permission"}}, {"model": "auth.permission", "pk": 8, "fields": {"name": "Can view permission", "content_type": 2, "codename": "view_permission"}}, {"model": "auth.permission", "pk": 9, "fields": {"name": "Can add group", "content_type": 3, "codename": "add_group"}}, {"model": "auth.permission", "pk": 10, "fields": {"name": "Can change group", "content_type": 3, "codename": "change_group"}}, {"model": "auth.permission", "pk": 11, "fields": {"name": "Can delete group", "content_type": 3, "codename": "delete_group"}}, {"model": "auth.permission", "pk": 12, "fields": {"name": "Can view group", "content_type": 3, "codename": "view_group"}}, {"model": "auth.permission", "pk": 13, "fields": {"name": "Can add content type", "content_type": 4, "codename": "add_contenttype"}}, {"model": "auth.permission", "pk": 14, "fields": {"name": "Can change content type", "content_type": 4, "codename": "change_contenttype"}}, {"model": "auth.permission", "pk": 15, "fields": {"name": "Can delete content type", "content_type": 4, "codename": "delete_contenttype"}}, {"model": "auth.permission", "pk": 16, "fields": {"name": "Can view content type", "content_type": 4, "codename": "view_contenttype"}}, {"model": "auth.permission", "pk": 17, "fields": {"name": "Can add session", "content_type": 5, "codename": "add_session"}}, {"model": "auth.permission", "pk": 18, "fields": {"name": "Can change session", "content_type": 5, "codename": "change_session"}}, {"model": "auth.permission", "pk": 19, "fields": {"name": "Can delete session", "content_type": 5, "codename": "delete_session"}}, {"model": "auth.permission", "pk": 20, "fields": {"name": "Can view session", "content_type": 5, "codename": "view_session"}}, {"model": "auth.permission", "pk": 21, "fields": {"name": "Can add Token", "content_type": 6, "codename": "add_token"}}, {"model": "auth.permission", "pk": 22, "fields": {"name": "Can change Token", "content_type": 6, "codename": "change_token"}}, {"model": "auth.permission", "pk": 23, "fields": {"name": "Can delete Token", "content_type": 6, "codename": "delete_token"}}, {"model": "auth.permission", "pk": 24, "fields": {"name": "Can view Token", "content_type": 6, "codename": "view_token"}}, {"model": "auth.permission", "pk": 25, "fields": {"name": "Can add token", "content_type": 7, "codename": "add_tokenproxy"}}, {"model": "auth.permission", "pk": 26, "fields": {"name": "Can change token", "content_type": 7, "codename": "change_tokenproxy"}}, {"model": "auth.permission", "pk": 27, "fields": {"name": "Can delete token", "content_type": 7, "codename": "delete_tokenproxy"}}, {"model": "auth.permission", "pk": 28, "fields": {"name": "Can view token", "content_type": 7, "codename": "view_tokenproxy"}}, {"model": "auth.permission", "pk": 29, "fields": {"name": "Can add user", "content_type": 8, "codename": "add_user"}}, {"model": "auth.permission", "pk": 30, "fields": {"name": "Can change user", "content_type": 8, "codename": "change_user"}}, {"model": "auth.permission", "pk": 31, "fields": {"name": "Can delete user", "content_type": 8, "codename": "delete_user"}}, {"model": "auth.permission", "pk": 32, "fields": {"name": "Can view user", "content_type": 8, "codename": "view_user"}}, {"model": "auth.permission", "pk": 33, "fields": {"name": "Can add pricing", "content_type": 9, "codename": "add_pricing"}}, {"model": "auth.permission", "pk": 34, "fields": {"name": "Can change pricing", "content_type": 9, "codename": "change_pricing"}}, {"model": "auth.permission", "pk": 35, "fields": {"name": "Can delete pricing", "content_type": 9, "codename": "delete_pricing"}}, {"model": "auth.permission", "pk": 36, "fields": {"name": "Can view pricing", "content_type": 9, "codename": "view_pricing"}}, {"model": "auth.permission", "pk": 37, "fields": {"name": "Can add quotation", "content_type": 10, "codename": "add_quotation"}}, {"model": "auth.permission", "pk": 38, "fields": {"name": "Can change quotation", "content_type": 10, "codename": "change_quotation"}}, {"model": "auth.permission", "pk": 39, "fields": {"name": "Can delete quotation", "content_type": 10, "codename": "delete_quotation"}}, {"model": "auth.permission", "pk": 40, "fields": {"name": "Can view quotation", "content_type": 10, "codename": "view_quotation"}}, {"model": "auth.permission", "pk": 41, "fields": {"name": "Can add vehicle", "content_type": 11, "codename": "add_vehicle"}}, {"model": "auth.permission", "pk": 42, "fields": {"name": "Can change vehicle", "content_type": 11, "codename": "change_vehicle"}}, {"model": "auth.permission", "pk": 43, "fields": {"name": "Can delete vehicle", "content_type": 11, "codename": "delete_vehicle"}}, {"model": "auth.permission", "pk": 44, "fields": {"name": "Can view vehicle", "content_type": 11, "codename": "view_vehicle"}}, {"model": "auth.permission", "pk": 45, "fields": {"name": "Can add ride", "content_type": 12, "codename": "add_ride"}}, {"model": "auth.permission", "pk": 46, "fields": {"name": "Can change ride", "content_type": 12, "codename": "change_ride"}}, {"model": "auth.permission", "pk": 47, "fields": {"name": "Can delete ride", "content_type": 12, "codename": "delete_ride"}}, {"model": "auth.permission", "pk": 48, "fields": {"name": "Can view ride", "content_type": 12, "codename": "view_ride"}}, {"model": "contenttypes.contenttype", "pk": 1, "fields": {"app_label": "admin", "model": "logentry"}}, {"model": "contenttypes.contenttype", "pk": 2, "fields": {"app_label": "auth", "model": "permission"}}, {"model": "contenttypes.contenttype", "pk": 3, "fields": {"app_label": "auth", "model": "group"}}, {"model": "contenttypes.contenttype", "pk": 4, "fields": {"app_label": "contenttypes", "model": "contenttype"}}, {"model": "contenttypes.contenttype", "pk": 5, "fields": {"app_label": "sessions", "model": "session"}}, {"model": "contenttypes.contenttype", "pk": 6, "fields": {"app_label": "authtoken", "model": "token"}}, {"model": "contenttypes.contenttype", "pk": 7, "fields": {"app_label": "authtoken", "model": "tokenproxy"}}, {"model": "contenttypes.contenttype", "pk": 8, "fields": {"app_label": "core", "model": "user"}}, {"model": "contenttypes.contenttype", "pk": 9, "fields": {"app_label": "core", "model": "pricing"}}, {"model": "contenttypes.contenttype", "pk": 10, "fields": {"app_label": "core", "model": "quotation"}}, {"model": "contenttypes.contenttype", "pk": 11, "fields": {"app_label": "core", "model": "vehicle"}}, {"model": "contenttypes.contenttype", "pk": 12, "fields": {"app_label": "core", "model": "ride"}}, {"model": "sessions.session", "pk": "0rszc9b6csfknsga9gq9nj6dvevgw434", "fields": {"session_data": ".eJxVjDsOwjAQRO_iGlkxjj9LSc8ZrN21jQPIluKkQtydREoBzRTz3sxbBFyXEtae5jBFcRFKnH47Qn6muoP4wHpvkltd5onkrsiDdnlrMb2uh_t3ULCXbQ1ek-Ps2aQUIWcftXXZAjqGrIC2UJoZHBv0GYeRFWllB-VG1mdD4vMFBoQ4Tg:1qhsHm:a9zMyHqZ41pttAX0PfqQqvQ3-DhmApx3AQIz4Tsn3Vc", "expire_date": "2023-10-01T13:58:06.660Z"}}, {"model": "sessions.session", "pk": "2nuw0ia7d89n9487gh5t9ef8ua34a9tz", "fields": {"session_data": ".eJxVjDsOwjAQRO_iGlkxjj9LSc8ZrN21jQPIluKkQtydREoBzRTz3sxbBFyXEtae5jBFcRFKnH47Qn6muoP4wHpvkltd5onkrsiDdnlrMb2uh_t3ULCXbQ1ek-Ps2aQUIWcftXXZAjqGrIC2UJoZHBv0GYeRFWllB-VG1mdD4vMFBoQ4Tg:1qhrRG:IOR4I68DOVs3L3U-ZVngkSUjCTlNvGaERjd9dVz3F9o", "expire_date": "2023-10-01T13:03:50.819Z"}}, {"model": "sessions.session", "pk": "3tjldl1ubdkiyfnbgg6y9bzlwc5qmhuw", "fields": {"session_data": ".eJxVjDsOwjAQBe_iGllrx19Kes5g7fqDA8iW4qRC3B0ipYD2zcx7sYDbWsM28hLmxM5MsNPvRhgfue0g3bHdOo-9rctMfFf4QQe_9pSfl8P9O6g46rcmT3JCH8lonXQukJRyUZhJTVCEBQCptCKPZF3U2Thy3hWrIkgLmAx7fwDVADdC:1qc4HD:HQobND-D89ZQ219TcPZ2_MxFrz2n3DyIfI7kaKUxjrM", "expire_date": "2023-09-15T13:33:31.999Z"}}, {"model": "sessions.session", "pk": "43sjlkn25e6pvzgq4blf26owdaani5w1", "fields": {"session_data": ".eJxVjDsOwjAQRO_iGlkxjj9LSc8ZrN21jQPIluKkQtydREoBzRTz3sxbBFyXEtae5jBFcRFKnH47Qn6muoP4wHpvkltd5onkrsiDdnlrMb2uh_t3ULCXbQ1ek-Ps2aQUIWcftXXZAjqGrIC2UJoZHBv0GYeRFWllB-VG1mdD4vMFBoQ4Tg:1qyCj7:0Xcxvvwq74hywQiXhJ951XEGePQLQSGzdGWm-dZ1jCw", "expire_date": "2023-11-15T15:01:49.674Z"}}, {"model": "sessions.session", "pk": "7vyg5h2hd6osfyokh4fs1r4ee2yfejnd", "fields": {"session_data": ".eJxVjDsOwjAQBe_iGllrx19Kes5g7fqDA8iW4qRC3B0ipYD2zcx7sYDbWsM28hLmxM5MsNPvRhgfue0g3bHdOo-9rctMfFf4QQe_9pSfl8P9O6g46rcmT3JCH8lonXQukJRyUZhJTVCEBQCptCKPZF3U2Thy3hWrIkgLmAx7fwDVADdC:1qOcOl:BQsDwddZQxDw0cbj8Lp0sASxmCKrv8hwU9CjVhd9jVg", "expire_date": "2023-08-09T11:09:43.007Z"}}, {"model": "sessions.session", "pk": "90c4570cg3kudqyeofs3iqfmapyyy1f3", "fields": {"session_data": ".eJxVjDsOwjAQBe_iGllrx19Kes5g7fqDA8iW4qRC3B0ipYD2zcx7sYDbWsM28hLmxM5MsNPvRhgfue0g3bHdOo-9rctMfFf4QQe_9pSfl8P9O6g46rcmT3JCH8lonXQukJRyUZhJTVCEBQCptCKPZF3U2Thy3hWrIkgLmAx7fwDVADdC:1qJKTs:RZx9wStdjk7oDAF94Gcxqq-vdGkwXL9miGv6FNwzGf8", "expire_date": "2023-07-25T21:01:08.759Z"}}, {"model": "sessions.session", "pk": "aeafnhx32epn3e059z9irgkb941vy1m7", "fields": {"session_data": ".eJxVjDsOwjAQBe_iGllrx19Kes5g7fqDA8iW4qRC3B0ipYD2zcx7sYDbWsM28hLmxM5MsNPvRhgfue0g3bHdOo-9rctMfFf4QQe_9pSfl8P9O6g46rcmT3JCH8lonXQukJRyUZhJTVCEBQCptCKPZF3U2Thy3hWrIkgLmAx7fwDVADdC:1q4JZA:EzYCm-C7zpAsk01JU47S98bVXXeVp9IKSOzkD-NPnhw", "expire_date": "2023-06-14T11:00:32.091Z"}}, {"model": "sessions.session", "pk": "gs4sgp8rhsnvosgrtf3racjptm4xzgfi", "fields": {"session_data": ".eJxVjDsOwjAQBe_iGllrx19Kes5g7fqDA8iW4qRC3B0ipYD2zcx7sYDbWsM28hLmxM5MsNPvRhgfue0g3bHdOo-9rctMfFf4QQe_9pSfl8P9O6g46rcmT3JCH8lonXQukJRyUZhJTVCEBQCptCKPZF3U2Thy3hWrIkgLmAx7fwDVADdC:1qOgbC:-OqjgnS4-GWLvbJNa0eaBLp2CCZfVvQW-pbqEy-B5GE", "expire_date": "2023-08-09T15:38:50.457Z"}}, {"model": "sessions.session", "pk": "jgk5e9gl80sjr0sk8gbg4aabaoj9997w", "fields": {"session_data": ".eJxVjDsOwjAQRO_iGlkxjj9LSc8ZrN21jQPIluKkQtydREoBzRTz3sxbBFyXEtae5jBFcRFKnH47Qn6muoP4wHpvkltd5onkrsiDdnlrMb2uh_t3ULCXbQ1ek-Ps2aQUIWcftXXZAjqGrIC2UJoZHBv0GYeRFWllB-VG1mdD4vMFBoQ4Tg:1rM3vH:2hI5PgSRtUiVL4jxkMRFtj5GLf2akZv3AeS_g4EL3WQ", "expire_date": "2024-01-20T10:28:59.733Z"}}, {"model": "sessions.session", "pk": "kz93bgxns5qt55ayt439qi65ot3pj8sw", "fields": {"session_data": ".eJxVjDsOwjAQBe_iGllrx19Kes5g7fqDA8iW4qRC3B0ipYD2zcx7sYDbWsM28hLmxM5MsNPvRhgfue0g3bHdOo-9rctMfFf4QQe_9pSfl8P9O6g46rcmT3JCH8lonXQukJRyUZhJTVCEBQCptCKPZF3U2Thy3hWrIkgLmAx7fwDVADdC:1qBCu0:24BYBh1AudeZbkRDAuqDg66wMNYELQnI1TjtOePmI1s", "expire_date": "2023-07-03T11:18:32.441Z"}}, {"model": "sessions.session", "pk": "pe9q7owd1dvxpwjhyq0fa6yyzlq1s1mj", "fields": {"session_data": ".eJxVjDsOwjAQBe_iGllrx19Kes5g7fqDA8iW4qRC3B0ipYD2zcx7sYDbWsM28hLmxM5MsNPvRhgfue0g3bHdOo-9rctMfFf4QQe_9pSfl8P9O6g46rcmT3JCH8lonXQukJRyUZhJTVCEBQCptCKPZF3U2Thy3hWrIkgLmAx7fwDVADdC:1qOhIh:D3UnfRLdksyYm42KpBZTvSbRrIpboDAOWPZEfvc-aio", "expire_date": "2023-08-09T16:23:47.038Z"}}, {"model": "authtoken.token", "pk": "1b16578455e5657d30d0c13aecad534d9ac9483e", "fields": {"user": 8, "created": "2023-07-26T16:37:30.619Z"}}, {"model": "authtoken.token", "pk": "47ff8111fbe758eb9209e53e15da7ad51ea85e81", "fields": {"user": 20, "created": "2023-09-17T16:22:20.040Z"}}, {"model": "authtoken.token", "pk": "5197c299e13260eb6aec4a5bbe19bbd4a2c3f227", "fields": {"user": 7, "created": "2023-07-26T16:32:11.748Z"}}, {"model": "authtoken.token", "pk": "53b1d41be1e06e8de655a6ce769699351fd3c036", "fields": {"user": 21, "created": "2023-09-17T16:24:50.275Z"}}, {"model": "authtoken.token", "pk": "61b3d42c2f849c0f3a359e179cfa267c9ef56dd7", "fields": {"user": 16, "created": "2023-09-17T13:21:20.378Z"}}, {"model": "authtoken.token", "pk": "6324bba2deea2e782c48c5a016390588e2da9dbb", "fields": {"user": 17, "created": "2023-09-17T13:23:36.766Z"}}, {"model": "authtoken.token", "pk": "6df79815374624f9349e9492cf4af6ddd2bbae09", "fields": {"user": 10, "created": "2023-07-28T09:34:29.418Z"}}, {"model": "authtoken.token", "pk": "a323df928c3b4400a3b7b8f7d0a045ba4ff56bf5", "fields": {"user": 1, "created": "2023-05-31T11:00:13.798Z"}}, {"model": "authtoken.token", "pk": "a4eb5b1f45b7b96a415ff5d51084ae9d4bd90bd0", "fields": {"user": 14, "created": "2023-07-29T07:08:32.564Z"}}, {"model": "authtoken.token", "pk": "b9b6638495618feb08f883175e5efa80aac23709", "fields": {"user": 15, "created": "2023-07-29T20:12:33.558Z"}}, {"model": "authtoken.token", "pk": "f089aa8f48578040748d476fb27f1fac9648ef3d", "fields": {"user": 11, "created": "2023-07-28T10:19:46.073Z"}}, {"model": "authtoken.token", "pk": "f4fc35614c3e86c7cbff7289af45c5ca95de1de0", "fields": {"user": 19, "created": "2023-09-17T14:12:23.879Z"}}, {"model": "core.vehicle", "pk": 1, "fields": {"updated_at": "2023-07-26T15:52:15.548Z", "created_at": "2023-07-26T13:29:18.818Z", "brand": "Toyota", "model": "IST", "color": "Grise", "license": "5515BA01"}}, {"model": "core.vehicle", "pk": 2, "fields": {"updated_at": "2023-07-26T15:49:09.467Z", "created_at": "2023-07-26T15:49:09.467Z", "brand": "TOYOTA", "model": "IST", "color": "Grise", "license": "4119BA01"}}, {"model": "core.vehicle", "pk": 3, "fields": {"updated_at": "2023-07-28T09:23:29.410Z", "created_at": "2023-07-28T09:23:29.410Z", "brand": "TOYOTA", "model": "Noah", "color": "Grise", "license": "2709BP01"}}, {"model": "core.vehicle", "pk": 4, "fields": {"updated_at": "2023-07-28T09:30:21.871Z", "created_at": "2023-07-28T09:30:21.871Z", "brand": "TOYOTA", "model": "noah", "color": "Bleu", "license": "5906BK01"}}, {"model": "core.vehicle", "pk": 5, "fields": {"updated_at": "2023-09-17T16:24:39.709Z", "created_at": "2023-09-17T16:24:35.684Z", "brand": "TOYOTA", "model": "IST", "color": "Grise", "license": "5699BM01"}}, {"model": "core.user", "pk": 1, "fields": {"password": "pbkdf2_sha256$600000$DHotC5neVHNKl01BLRAWqh$GAEfh/cjOMzdwirG/PQcmqTNJDdWwbTECMm9/5RKUFE=", "last_login": "2024-01-06T10:28:59.728Z", "is_superuser": true, "first_name": "Christian", "last_name": "TABARO", "is_staff": true, "is_active": true, "date_joined": "2023-05-31T11:00:12.991Z", "mobile_number": "+243825012792", "id_proof": "user/id_proof/IMG-20230524-WA0002.jpg", "status": "CLIENT", "vehicle": 1, "groups": [], "user_permissions": []}}, {"model": "core.user", "pk": 7, "fields": {"password": "pbkdf2_sha256$600000$7Y66dD9DEP46ESgUKX3soZ$JrUKzqj+GxmryaKR/p+zeKT5lYv0Dt4R0QWOjOLVoSE=", "last_login": null, "is_superuser": false, "first_name": "josue", "last_name": "kahambo", "is_staff": false, "is_active": true, "date_joined": "2023-07-26T16:32:11.351Z", "mobile_number": "+243856196481", "id_proof": "user/id_proof/scaled_bd6aa827-5d11-424c-90a8-6105af502aab7125751919600182216.jpg", "status": "CLIENT", "vehicle": null, "groups": [], "user_permissions": []}}, {"model": "core.user", "pk": 8, "fields": {"password": "pbkdf2_sha256$600000$BANw0wH4BAFIkY4vKBN1M9$vZG229ugDt+rBuqjorHge9vfZZiryhB56PTfhJ5hzOs=", "last_login": null, "is_superuser": false, "first_name": "josue", "last_name": "kahambo", "is_staff": false, "is_active": true, "date_joined": "2023-07-26T16:37:30.224Z", "mobile_number": "+243910116446", "id_proof": "user/id_proof/scaled_769a7a89-f4bd-4c6c-bc35-0ee8615071c11981974264190500174.jpg", "status": "DRIVER", "vehicle": 1, "groups": [], "user_permissions": [24, 48]}}, {"model": "core.user", "pk": 10, "fields": {"password": "pbkdf2_sha256$600000$5s8hVu38KW4QH7mmx22rYF$JJ5wx4o7LJgNFDzUQ4LDU7/GVW8JBSHtf5hVlD5Z5D0=", "last_login": null, "is_superuser": false, "first_name": "Eric", "last_name": "KUMAKINGA", "is_staff": false, "is_active": true, "date_joined": "2023-07-28T09:34:29.013Z", "mobile_number": "+243906753006", "id_proof": "user/id_proof/scaled_19fecc5e-224b-46d9-b841-c176ede609b94362208736801452111.jpg", "status": "DRIVER", "vehicle": 2, "groups": [], "user_permissions": [24, 25, 48]}}, {"model": "core.user", "pk": 11, "fields": {"password": "pbkdf2_sha256$600000$qtFJY9yJslttFuMsZcwlzr$OFFUcQIixMAed2XF7o0NynatoaoYom+J/fXCrADVCWg=", "last_login": null, "is_superuser": false, "first_name": "eric", "last_name": "kumakinga ", "is_staff": false, "is_active": true, "date_joined": "2023-07-28T10:19:45.584Z", "mobile_number": "+243812093834", "id_proof": "user/id_proof/scaled_6613db33-d68e-4e3e-b0af-23eac5a783fe6964008027503137491.jpg", "status": "CLIENT", "vehicle": null, "groups": [], "user_permissions": []}}, {"model": "core.user", "pk": 14, "fields": {"password": "pbkdf2_sha256$600000$Hy8VtgeuZRNToItvdfypIx$Y2bnGYf3yoRr4o/DQ7PTn2J4chxzPj/YRgag0/5wTXI=", "last_login": null, "is_superuser": false, "first_name": "Patricia ", "last_name": "Moseka ", "is_staff": false, "is_active": true, "date_joined": "2023-07-29T07:08:32.145Z", "mobile_number": "+243978295029", "id_proof": "user/id_proof/scaled_3becfd2f-720b-4375-9af0-ad62c91294324437064243403193848.jpg", "status": "CLIENT", "vehicle": null, "groups": [], "user_permissions": []}}, {"model": "core.user", "pk": 15, "fields": {"password": "pbkdf2_sha256$600000$VzJbRIdlTQtrdOQ3BxzBwn$CGLv1Zbl1jENgfO5FvN65/3MFGxhTqx+HNBKQCNW/og=", "last_login": null, "is_superuser": false, "first_name": "Jessica ", "last_name": "Selenge ", "is_staff": false, "is_active": true, "date_joined": "2023-07-29T20:12:33.137Z", "mobile_number": "+243821746327", "id_proof": "user/id_proof/scaled_56654f80-c977-4db6-a3ce-7154487411a85360089081584884541.jpg", "status": "CLIENT", "vehicle": null, "groups": [], "user_permissions": []}}, {"model": "core.user", "pk": 16, "fields": {"password": "pbkdf2_sha256$600000$UiFIXuuAKyZ8LzW4j3oVMC$pGiMQRLsrLwXnYLuLU4NJwe74d2j6qT5yPcAMTO/9bw=", "last_login": null, "is_superuser": false, "first_name": "justin", "last_name": "tabaro", "is_staff": false, "is_active": true, "date_joined": "2023-09-17T13:21:19.912Z", "mobile_number": "+243819938630", "id_proof": "user/id_proof/scaled_06380c4d-128b-44b4-bc93-8a48985fded92119906649410267285.jpg", "status": "CLIENT", "vehicle": null, "groups": [], "user_permissions": []}}, {"model": "core.user", "pk": 17, "fields": {"password": "pbkdf2_sha256$600000$ppte0YWmsfs4BQ5shMSGnM$EA/UMDIadh1ON08l7CBYre81pgLT7LrIXAU88bppDIQ=", "last_login": null, "is_superuser": false, "first_name": "joyce", "last_name": "kabeya", "is_staff": false, "is_active": true, "date_joined": "2023-09-17T13:23:36.291Z", "mobile_number": "+243821880281", "id_proof": "user/id_proof/scaled_d5d956c1-38c8-4e57-8011-f0548cbdb2616518808141939408821.jpg", "status": "ADMIN", "vehicle": null, "groups": [], "user_permissions": [1, 2, 3, 4, 9, 10, 11, 12, 5, 6, 7, 8, 21, 22, 23, 24, 25, 26, 27, 28, 13, 14, 15, 16, 33, 34, 35, 36, 37, 38, 39, 40, 45, 46, 47, 48, 29, 30, 31, 32, 41, 42, 43, 44, 17, 18, 19, 20]}}, {"model": "core.user", "pk": 19, "fields": {"password": "pbkdf2_sha256$600000$fACqcBsMHnr77iJnmJT6ib$PtYZEUiWDqK7r+A7REn9e6mR+guBC/I5zniUWfVfKuU=", "last_login": null, "is_superuser": false, "first_name": "Toto", "last_name": "kinkela", "is_staff": false, "is_active": true, "date_joined": "2023-09-17T14:12:23.417Z", "mobile_number": "+243902427681", "id_proof": "user/id_proof/scaled_c9a58433-d324-4ef4-8b93-147d3061dbc47315007319078203928.jpg", "status": "DRIVER", "vehicle": 3, "groups": [], "user_permissions": [24, 48]}}, {"model": "core.user", "pk": 20, "fields": {"password": "pbkdf2_sha256$600000$UJ5MIbD7zJ6nhMhOcjefU3$BcYv1Gnw4OjVAJ1RweRG/HqMMS9+1uY5a6uWv1cmmVg=", "last_login": null, "is_superuser": false, "first_name": "joyce", "last_name": "kabeya", "is_staff": false, "is_active": true, "date_joined": "2023-09-17T16:22:19.578Z", "mobile_number": "+243850586864", "id_proof": "user/id_proof/scaled_e9c979f6-e56d-464c-bab8-193624613e11248414654083559789.jpg", "status": "DRIVER", "vehicle": 5, "groups": [], "user_permissions": [24, 26, 36, 48]}}, {"model": "core.user", "pk": 21, "fields": {"password": "pbkdf2_sha256$600000$DxRKTSNCitMGqtoRvtc9HF$JkpFUMkhIc9BZ0npTvhB0Ys622U8wX8xfhMPCbZwtPQ=", "last_login": null, "is_superuser": false, "first_name": "Ali", "last_name": "KABEYA ", "is_staff": false, "is_active": true, "date_joined": "2023-09-17T16:24:49.786Z", "mobile_number": "+243998227192", "id_proof": "user/id_proof/scaled_4209eace-23dd-4c41-8ee0-90e02945ac0c913998710827510750.jpg", "status": "CLIENT", "vehicle": null, "groups": [], "user_permissions": []}}, {"model": "core.quotation", "pk": 1, "fields": {"updated_at": "2023-07-12T20:18:59.884Z", "created_at": "2023-07-12T20:18:59.884Z", "pick_up": "SRID=4326;POINT (1 1)", "duration": 1.0, "cost": "100.00", "cost_currency": "CDF"}}, {"model": "core.quotation", "pk": 2, "fields": {"updated_at": "2023-07-12T20:44:02.470Z", "created_at": "2023-07-12T20:44:02.470Z", "pick_up": "SRID=4326;POINT (-122.084 37.4219983)", "duration": 2.0, "cost": "100.00", "cost_currency": "CDF"}}, {"model": "core.quotation", "pk": 3, "fields": {"updated_at": "2023-07-12T20:48:41.247Z", "created_at": "2023-07-12T20:48:41.247Z", "pick_up": "SRID=4326;POINT (-122.084 37.4219983)", "duration": 0.5, "cost": "100.00", "cost_currency": "CDF"}}, {"model": "core.quotation", "pk": 4, "fields": {"updated_at": "2023-07-12T20:57:19.132Z", "created_at": "2023-07-12T20:57:19.133Z", "pick_up": "SRID=4326;POINT (-122.084 37.4219983)", "duration": 0.5, "cost": "100.00", "cost_currency": "CDF"}}, {"model": "core.quotation", "pk": 5, "fields": {"updated_at": "2023-07-12T21:05:33.567Z", "created_at": "2023-07-12T21:05:33.567Z", "pick_up": "SRID=4326;POINT (-122.084 37.4219983)", "duration": 0.5, "cost": "100.00", "cost_currency": "CDF"}}, {"model": "core.quotation", "pk": 6, "fields": {"updated_at": "2023-07-12T21:08:19.651Z", "created_at": "2023-07-12T21:08:19.651Z", "pick_up": "SRID=4326;POINT (1 1)", "duration": 1.0, "cost": "100.00", "cost_currency": "CDF"}}, {"model": "core.quotation", "pk": 7, "fields": {"updated_at": "2023-07-12T21:15:53.634Z", "created_at": "2023-07-12T21:15:53.634Z", "pick_up": "SRID=4326;POINT (-122.0849872 37.4226711)", "duration": 0.5, "cost": "100.00", "cost_currency": "CDF"}}, {"model": "core.quotation", "pk": 8, "fields": {"updated_at": "2023-07-12T21:37:56.714Z", "created_at": "2023-07-12T21:37:56.714Z", "pick_up": "SRID=4326;POINT (-122.084 37.4219983)", "duration": 0.5, "cost": "100.00", "cost_currency": "CDF"}}, {"model": "core.quotation", "pk": 9, "fields": {"updated_at": "2023-07-12T21:54:05.910Z", "created_at": "2023-07-12T21:54:05.910Z", "pick_up": "SRID=4326;POINT (-122.0849872 37.4226711)", "duration": 0.5, "cost": "100.00", "cost_currency": "CDF"}}, {"model": "core.quotation", "pk": 10, "fields": {"updated_at": "2023-07-12T22:38:26.373Z", "created_at": "2023-07-12T22:38:26.373Z", "pick_up": "SRID=4326;POINT (-122.084 37.4219983)", "duration": 1.0, "cost": "100.00", "cost_currency": "CDF"}}, {"model": "core.quotation", "pk": 11, "fields": {"updated_at": "2023-07-12T22:50:20.434Z", "created_at": "2023-07-12T22:50:20.434Z", "pick_up": "SRID=4326;POINT (15.2263451 -4.3368679)", "duration": 0.5, "cost": "100.00", "cost_currency": "CDF"}}, {"model": "core.quotation", "pk": 12, "fields": {"updated_at": "2023-07-12T22:56:26.609Z", "created_at": "2023-07-12T22:56:26.609Z", "pick_up": "SRID=4326;POINT (15.2263461 -4.3368666)", "duration": 3.0, "cost": "100.00", "cost_currency": "CDF"}}, {"model": "core.quotation", "pk": 13, "fields": {"updated_at": "2023-07-13T00:27:43.062Z", "created_at": "2023-07-13T00:27:43.062Z", "pick_up": "SRID=4326;POINT (15.2263461 -4.3368684)", "duration": 0.5, "cost": "100.00", "cost_currency": "CDF"}}, {"model": "core.quotation", "pk": 14, "fields": {"updated_at": "2023-07-13T00:45:05.187Z", "created_at": "2023-07-13T00:45:05.187Z", "pick_up": "SRID=4326;POINT (15.2264166 -4.3368832)", "duration": 2.0, "cost": "100.00", "cost_currency": "CDF"}}, {"model": "core.quotation", "pk": 15, "fields": {"updated_at": "2023-07-13T00:45:11.243Z", "created_at": "2023-07-13T00:45:11.243Z", "pick_up": "SRID=4326;POINT (15.2264166 -4.3368832)", "duration": 2.0, "cost": "100.00", "cost_currency": "CDF"}}, {"model": "core.quotation", "pk": 16, "fields": {"updated_at": "2023-07-13T00:45:15.752Z", "created_at": "2023-07-13T00:45:15.752Z", "pick_up": "SRID=4326;POINT (15.2264166 -4.3368832)", "duration": 2.0, "cost": "100.00", "cost_currency": "CDF"}}, {"model": "core.quotation", "pk": 17, "fields": {"updated_at": "2023-07-13T00:52:16.205Z", "created_at": "2023-07-13T00:52:16.205Z", "pick_up": "SRID=4326;POINT (15.2263566 -4.3368699)", "duration": 2.0, "cost": "100.00", "cost_currency": "CDF"}}, {"model": "core.quotation", "pk": 18, "fields": {"updated_at": "2023-07-13T07:11:14.942Z", "created_at": "2023-07-13T07:11:14.942Z", "pick_up": "SRID=4326;POINT (15.226346 -4.3368678)", "duration": 0.5, "cost": "100.00", "cost_currency": "CDF"}}, {"model": "core.quotation", "pk": 19, "fields": {"updated_at": "2023-07-26T13:09:36.305Z", "created_at": "2023-07-26T13:09:36.305Z", "pick_up": "SRID=4326;POINT (15.2797961 -4.3190921)", "duration": 2.0, "cost": "100.00", "cost_currency": "CDF"}}, {"model": "core.quotation", "pk": 20, "fields": {"updated_at": "2023-07-26T13:15:57.682Z", "created_at": "2023-07-26T13:15:57.682Z", "pick_up": "SRID=4326;POINT (15.2879527 -4.3113242)", "duration": 2.0, "cost": "100.00", "cost_currency": "CDF"}}, {"model": "core.quotation", "pk": 21, "fields": {"updated_at": "2023-07-26T13:17:23.663Z", "created_at": "2023-07-26T13:17:23.663Z", "pick_up": "SRID=4326;POINT (15.273663 -4.3213347)", "duration": 2.0, "cost": "100.00", "cost_currency": "CDF"}}, {"model": "core.quotation", "pk": 22, "fields": {"updated_at": "2023-07-26T13:20:47.903Z", "created_at": "2023-07-26T13:20:47.903Z", "pick_up": "SRID=4326;POINT (15.2797637 -4.3190921)", "duration": 3.0, "cost": "100.00", "cost_currency": "CDF"}}, {"model": "core.quotation", "pk": 23, "fields": {"updated_at": "2023-07-26T14:05:50.932Z", "created_at": "2023-07-26T14:05:50.932Z", "pick_up": "SRID=4326;POINT (15.2797972 -4.3190912)", "duration": 2.0, "cost": "100.00", "cost_currency": "CDF"}}, {"model": "core.quotation", "pk": 24, "fields": {"updated_at": "2023-07-26T14:14:43.304Z", "created_at": "2023-07-26T14:14:43.304Z", "pick_up": "SRID=4326;POINT (15.2797094 -4.3190908)", "duration": 3.0, "cost": "100.00", "cost_currency": "CDF"}}, {"model": "core.quotation", "pk": 25, "fields": {"updated_at": "2023-07-26T14:21:43.481Z", "created_at": "2023-07-26T14:21:43.481Z", "pick_up": "SRID=4326;POINT (15.2797341 -4.3190865)", "duration": 4.0, "cost": "100.00", "cost_currency": "CDF"}}, {"model": "core.quotation", "pk": 26, "fields": {"updated_at": "2023-07-26T14:25:37.541Z", "created_at": "2023-07-26T14:25:37.541Z", "pick_up": "SRID=4326;POINT (15.2798138 -4.319096)", "duration": 3.0, "cost": "100.00", "cost_currency": "CDF"}}, {"model": "core.quotation", "pk": 27, "fields": {"updated_at": "2023-07-26T14:28:39.782Z", "created_at": "2023-07-26T14:28:39.782Z", "pick_up": "SRID=4326;POINT (15.2797961 -4.3190921)", "duration": 4.0, "cost": "100.00", "cost_currency": "CDF"}}, {"model": "core.quotation", "pk": 28, "fields": {"updated_at": "2023-07-26T14:38:14.538Z", "created_at": "2023-07-26T14:38:14.538Z", "pick_up": "SRID=4326;POINT (15.2798111 -4.3190936)", "duration": 2.0, "cost": "100.00", "cost_currency": "CDF"}}, {"model": "core.quotation", "pk": 29, "fields": {"updated_at": "2023-07-26T14:38:51.580Z", "created_at": "2023-07-26T14:38:51.580Z", "pick_up": "SRID=4326;POINT (15.2798034 -4.3190923)", "duration": 2.0, "cost": "100.00", "cost_currency": "CDF"}}, {"model": "core.quotation", "pk": 30, "fields": {"updated_at": "2023-07-26T14:50:51.101Z", "created_at": "2023-07-26T14:50:51.101Z", "pick_up": "SRID=4326;POINT (15.2797944 -4.3190882)", "duration": 3.0, "cost": "100.00", "cost_currency": "CDF"}}, {"model": "core.quotation", "pk": 31, "fields": {"updated_at": "2023-07-26T15:10:01.682Z", "created_at": "2023-07-26T15:10:01.682Z", "pick_up": "SRID=4326;POINT (15.279761 -4.3190669)", "duration": 3.0, "cost": "100.00", "cost_currency": "CDF"}}, {"model": "core.quotation", "pk": 32, "fields": {"updated_at": "2023-07-26T15:14:22.307Z", "created_at": "2023-07-26T15:14:22.307Z", "pick_up": "SRID=4326;POINT (15.2797594 -4.3190566)", "duration": 4.0, "cost": "100.00", "cost_currency": "CDF"}}, {"model": "core.quotation", "pk": 33, "fields": {"updated_at": "2023-07-26T16:45:37.339Z", "created_at": "2023-07-26T16:45:37.339Z", "pick_up": "SRID=4326;POINT (15.257474 -4.354355)", "duration": 1.0, "cost": "100.00", "cost_currency": "CDF"}}, {"model": "core.quotation", "pk": 34, "fields": {"updated_at": "2023-07-26T17:01:33.256Z", "created_at": "2023-07-26T17:01:33.256Z", "pick_up": "SRID=4326;POINT (15.2664192 -4.3380529)", "duration": 0.5, "cost": "100.00", "cost_currency": "CDF"}}, {"model": "core.quotation", "pk": 35, "fields": {"updated_at": "2023-07-28T09:48:03.523Z", "created_at": "2023-07-28T09:48:03.523Z", "pick_up": "SRID=4326;POINT (15.2698405 -4.3244663)", "duration": 1.0, "cost": "10.00", "cost_currency": "USD"}}, {"model": "core.quotation", "pk": 36, "fields": {"updated_at": "2023-07-28T09:49:52.488Z", "created_at": "2023-07-28T09:49:52.488Z", "pick_up": "SRID=4326;POINT (15.3395632 -4.3477548)", "duration": 1.0, "cost": "10.00", "cost_currency": "USD"}}, {"model": "core.quotation", "pk": 37, "fields": {"updated_at": "2023-07-28T09:52:21.310Z", "created_at": "2023-07-28T09:52:21.310Z", "pick_up": "SRID=4326;POINT (15.3395632 -4.3477548)", "duration": 1.0, "cost": "10.00", "cost_currency": "USD"}}, {"model": "core.quotation", "pk": 38, "fields": {"updated_at": "2023-07-28T09:54:32.287Z", "created_at": "2023-07-28T09:54:32.287Z", "pick_up": "SRID=4326;POINT (15.3395632 -4.3477548)", "duration": 1.0, "cost": "10.00", "cost_currency": "USD"}}, {"model": "core.quotation", "pk": 39, "fields": {"updated_at": "2023-07-28T09:55:33.571Z", "created_at": "2023-07-28T09:55:33.571Z", "pick_up": "SRID=4326;POINT (15.3122207 -4.3043116)", "duration": 2.0, "cost": "20.00", "cost_currency": "USD"}}, {"model": "core.quotation", "pk": 40, "fields": {"updated_at": "2023-07-28T09:57:47.408Z", "created_at": "2023-07-28T09:57:47.408Z", "pick_up": "SRID=4326;POINT (15.3122207 -4.3043116)", "duration": 2.0, "cost": "20.00", "cost_currency": "USD"}}, {"model": "core.quotation", "pk": 41, "fields": {"updated_at": "2023-07-28T09:58:56.416Z", "created_at": "2023-07-28T09:58:56.416Z", "pick_up": "SRID=4326;POINT (15.3297063 -4.3277411)", "duration": 2.0, "cost": "20.00", "cost_currency": "USD"}}, {"model": "core.quotation", "pk": 42, "fields": {"updated_at": "2023-07-28T10:04:50.832Z", "created_at": "2023-07-28T10:04:50.832Z", "pick_up": "SRID=4326;POINT (15.2576201 -4.3445334)", "duration": 1.0, "cost": "10.00", "cost_currency": "USD"}}, {"model": "core.quotation", "pk": 43, "fields": {"updated_at": "2023-07-28T10:09:11.345Z", "created_at": "2023-07-28T10:09:11.345Z", "pick_up": "SRID=4326;POINT (15.2576201 -4.3445334)", "duration": 1.0, "cost": "10.00", "cost_currency": "USD"}}, {"model": "core.quotation", "pk": 44, "fields": {"updated_at": "2023-07-28T10:09:30.928Z", "created_at": "2023-07-28T10:09:30.928Z", "pick_up": "SRID=4326;POINT (15.2576201 -4.3445334)", "duration": 1.0, "cost": "10.00", "cost_currency": "USD"}}, {"model": "core.quotation", "pk": 45, "fields": {"updated_at": "2023-07-28T10:11:20.775Z", "created_at": "2023-07-28T10:11:20.775Z", "pick_up": "SRID=4326;POINT (15.2576201 -4.3445334)", "duration": 1.0, "cost": "10.00", "cost_currency": "USD"}}, {"model": "core.quotation", "pk": 46, "fields": {"updated_at": "2023-07-28T10:16:54.590Z", "created_at": "2023-07-28T10:16:54.591Z", "pick_up": "SRID=4326;POINT (15.3122207 -4.3043116)", "duration": 1.0, "cost": "10.00", "cost_currency": "USD"}}, {"model": "core.quotation", "pk": 47, "fields": {"updated_at": "2023-07-28T10:19:11.765Z", "created_at": "2023-07-28T10:19:11.765Z", "pick_up": "SRID=4326;POINT (15.2797794 -4.3190839)", "duration": 3.0, "cost": "30.00", "cost_currency": "USD"}}, {"model": "core.quotation", "pk": 48, "fields": {"updated_at": "2023-07-28T10:20:46.519Z", "created_at": "2023-07-28T10:20:46.519Z", "pick_up": "SRID=4326;POINT (15.3122207 -4.3043116)", "duration": 1.0, "cost": "10.00", "cost_currency": "USD"}}, {"model": "core.quotation", "pk": 49, "fields": {"updated_at": "2023-07-28T10:23:23.211Z", "created_at": "2023-07-28T10:23:23.211Z", "pick_up": "SRID=4326;POINT (15.2573914 -4.3444625)", "duration": 2.0, "cost": "20.00", "cost_currency": "USD"}}, {"model": "core.quotation", "pk": 50, "fields": {"updated_at": "2023-07-28T10:24:10.313Z", "created_at": "2023-07-28T10:24:10.313Z", "pick_up": "SRID=4326;POINT (15.2573914 -4.3444625)", "duration": 1.0, "cost": "10.00", "cost_currency": "USD"}}, {"model": "core.quotation", "pk": 51, "fields": {"updated_at": "2023-07-28T10:57:56.939Z", "created_at": "2023-07-28T10:57:56.939Z", "pick_up": "SRID=4326;POINT (15.2573914 -4.3444625)", "duration": 1.0, "cost": "10.00", "cost_currency": "USD"}}, {"model": "core.quotation", "pk": 52, "fields": {"updated_at": "2023-07-28T10:59:04.484Z", "created_at": "2023-07-28T10:59:04.484Z", "pick_up": "SRID=4326;POINT (15.3122207 -4.3043116)", "duration": 1.0, "cost": "10.00", "cost_currency": "USD"}}, {"model": "core.quotation", "pk": 53, "fields": {"updated_at": "2023-09-17T15:58:16.776Z", "created_at": "2023-09-17T15:58:16.776Z", "pick_up": "SRID=4326;POINT (15.312222 -4.3043098)", "duration": 1.0, "cost": "10.00", "cost_currency": "USD"}}, {"model": "core.quotation", "pk": 54, "fields": {"updated_at": "2023-09-17T16:02:33.734Z", "created_at": "2023-09-17T16:02:33.734Z", "pick_up": "SRID=4326;POINT (15.312222 -4.3043098)", "duration": 1.0, "cost": "10.00", "cost_currency": "USD"}}, {"model": "core.quotation", "pk": 55, "fields": {"updated_at": "2023-09-17T16:07:02.695Z", "created_at": "2023-09-17T16:07:02.695Z", "pick_up": "SRID=4326;POINT (15.312222 -4.3043098)", "duration": 1.0, "cost": "10.00", "cost_currency": "USD"}}, {"model": "core.quotation", "pk": 56, "fields": {"updated_at": "2023-09-17T16:31:04.599Z", "created_at": "2023-09-17T16:31:04.599Z", "pick_up": "SRID=4326;POINT (15.312222 -4.3043098)", "duration": 1.0, "cost": "10.00", "cost_currency": "USD"}}, {"model": "core.ride", "pk": 45, "fields": {"updated_at": "2023-07-26T12:10:28.682Z", "created_at": "2023-07-26T12:03:40.286Z", "client": 1, "driver": 1, "quote": 6, "cost": "12.00", "cost_currency": "CDF", "pick_up": "SRID=4326;POINT (1 1)", "drop_off": "SRID=4326;POINT (1 1)", "pick_up_geo_code": {}, "drop_off_geo_code": {}, "end_at": null, "status": "ENDED", "billing": "HOUR", "comment": null, "rate": 3}}, {"model": "core.ride", "pk": 46, "fields": {"updated_at": "2023-07-26T12:34:14.653Z", "created_at": "2023-07-26T12:11:16.666Z", "client": 1, "driver": 1, "quote": 6, "cost": "12.00", "cost_currency": "CDF", "pick_up": "SRID=4326;POINT (1 1)", "drop_off": "SRID=4326;POINT (1 1)", "pick_up_geo_code": {"city": "Kinshasa,", "numer": "10", "avenue": "Liberation,", "commune": "Lingwala,"}, "drop_off_geo_code": {}, "end_at": null, "status": "ENDED", "billing": "HOUR", "comment": null, "rate": 3}}, {"model": "core.ride", "pk": 48, "fields": {"updated_at": "2023-07-26T14:00:24.838Z", "created_at": "2023-07-26T13:20:49.061Z", "client": 1, "driver": 1, "quote": 22, "cost": "100.00", "cost_currency": "CDF", "pick_up": "SRID=4326;POINT (15.2797637 -4.3190921)", "drop_off": "SRID=4326;POINT (15.2851152 -4.3070096)", "pick_up_geo_code": {"geo_code": "null, 5 Avenue Lubefu, Kinshasa, Democratic Republic of the Congo"}, "drop_off_geo_code": {"geo_code": "ISP-Gombe, Av. Père Boka, Kinshasa"}, "end_at": null, "status": "ENDED", "billing": "HOUR", "comment": null, "rate": 3}}, {"model": "core.ride", "pk": 52, "fields": {"updated_at": "2023-07-26T14:15:26.393Z", "created_at": "2023-07-26T14:14:44.628Z", "client": 1, "driver": null, "quote": 24, "cost": "100.00", "cost_currency": "CDF", "pick_up": "SRID=4326;POINT (15.2797094 -4.3190908)", "drop_off": "SRID=4326;POINT (15.2851152 -4.3070096)", "pick_up_geo_code": {"address": "null, 5 Avenue Lubefu, Kinshasa, Democratic Republic of the Congo"}, "drop_off_geo_code": {"address": "ISP-Gombe, Av. Père Boka, Kinshasa"}, "end_at": null, "status": "CANCELED", "billing": "HOUR", "comment": null, "rate": 3}}, {"model": "core.ride", "pk": 57, "fields": {"updated_at": "2023-07-26T14:37:23.644Z", "created_at": "2023-07-26T14:28:41.051Z", "client": 1, "driver": 1, "quote": 27, "cost": "100.00", "cost_currency": "CDF", "pick_up": "SRID=4326;POINT (15.2797961 -4.3190921)", "drop_off": "SRID=4326;POINT (15.2851152 -4.3070096)", "pick_up_geo_code": {"address": "null, 5 Avenue Lubefu, Kinshasa, Democratic Republic of the Congo"}, "drop_off_geo_code": {"address": "ISP-Gombe, Av. Père Boka, Kinshasa"}, "end_at": null, "status": "ENDED", "billing": "HOUR", "comment": null, "rate": 1}}, {"model": "core.ride", "pk": 58, "fields": {"updated_at": "2023-07-26T14:38:42.719Z", "created_at": "2023-07-26T14:38:16.340Z", "client": 1, "driver": null, "quote": 28, "cost": "100.00", "cost_currency": "CDF", "pick_up": "SRID=4326;POINT (15.2798111 -4.3190936)", "drop_off": "SRID=4326;POINT (15.2851152 -4.3070096)", "pick_up_geo_code": {"address": "null, 5 Avenue Lubefu, Kinshasa, Democratic Republic of the Congo"}, "drop_off_geo_code": {"address": "ISP-Gombe, Av. Père Boka, Kinshasa"}, "end_at": null, "status": "CANCELED", "billing": "HOUR", "comment": null, "rate": 3}}, {"model": "core.ride", "pk": 59, "fields": {"updated_at": "2023-07-26T14:45:43.703Z", "created_at": "2023-07-26T14:38:52.970Z", "client": 1, "driver": 1, "quote": 29, "cost": "100.00", "cost_currency": "CDF", "pick_up": "SRID=4326;POINT (15.279803399999999 -4.319092300000002)", "drop_off": "SRID=4326;POINT (15.285115199999998 -4.307009600000004)", "pick_up_geo_code": {"address": "null, 5 Avenue Lubefu, Kinshasa, Democratic Republic of the Congo"}, "drop_off_geo_code": {"address": "ISP-Gombe, Av. Père Boka, Kinshasa"}, "end_at": "2021-01-01T00:00:00Z", "status": "CANCELED", "billing": "HOUR", "comment": "XYZ", "rate": 3}}, {"model": "core.ride", "pk": 61, "fields": {"updated_at": "2023-07-26T15:10:11.208Z", "created_at": "2023-07-26T15:10:06.020Z", "client": 1, "driver": null, "quote": 31, "cost": "100.00", "cost_currency": "CDF", "pick_up": "SRID=4326;POINT (15.279761 -4.3190669)", "drop_off": "SRID=4326;POINT (15.2736057 -4.312012699999999)", "pick_up_geo_code": {"address": "null, 5 Avenue Lubefu, Kinshasa, Democratic Republic of the Congo"}, "drop_off_geo_code": {"address": "Batetela, 68 Av. des Batetela, Kinshasa"}, "end_at": null, "status": "CANCELED", "billing": "HOUR", "comment": null, "rate": 3}}, {"model": "core.ride", "pk": 62, "fields": {"updated_at": "2023-07-26T15:14:27.329Z", "created_at": "2023-07-26T15:14:23.741Z", "client": 1, "driver": null, "quote": 32, "cost": "100.00", "cost_currency": "CDF", "pick_up": "SRID=4326;POINT (15.2797594 -4.3190566)", "drop_off": "SRID=4326;POINT (15.3178006 -4.3013231)", "pick_up_geo_code": {"address": "null, 5 Avenue Lubefu, Kinshasa, Democratic Republic of the Congo"}, "drop_off_geo_code": {"address": "Gare Centrale, Av. Des Senegalais, Kinshasa"}, "end_at": null, "status": "CANCELED", "billing": "HOUR", "comment": null, "rate": 3}}, {"model": "core.ride", "pk": 64, "fields": {"updated_at": "2023-07-26T17:02:14.005Z", "created_at": "2023-07-26T17:01:49.008Z", "client": 7, "driver": 8, "quote": 34, "cost": "100.00", "cost_currency": "CDF", "pick_up": "SRID=4326;POINT (15.2664192 -4.3380529)", "drop_off": "SRID=4326;POINT (15.2811877 -4.3162571)", "pick_up_geo_code": {"address": "Kintambo, Kintambo, Kinshasa"}, "drop_off_geo_code": {"address": "Boucherie Ngombe, 173 Bd Du 30 Juin, Kinshasa"}, "end_at": null, "status": "ENDED", "billing": "HOUR", "comment": null, "rate": 1}}, {"model": "core.ride", "pk": 65, "fields": {"updated_at": "2023-07-28T10:19:33.622Z", "created_at": "2023-07-28T10:19:13.438Z", "client": 1, "driver": null, "quote": 47, "cost": "30.00", "cost_currency": "USD", "pick_up": "SRID=4326;POINT (15.2797794 -4.3190839)", "drop_off": "SRID=4326;POINT (15.2851152 -4.3070096)", "pick_up_geo_code": {"address": "null, 5 Avenue Lubefu, Kinshasa, Democratic Republic of the Congo"}, "drop_off_geo_code": {"address": "ISP-Gombe, Av. Père Boka, Kinshasa"}, "end_at": null, "status": "CANCELED", "billing": "HOUR", "comment": null, "rate": 3}}, {"model": "core.ride", "pk": 66, "fields": {"updated_at": "2023-07-28T10:58:59.473Z", "created_at": "2023-07-28T10:58:13.131Z", "client": 11, "driver": 10, "quote": 51, "cost": "10.00", "cost_currency": "USD", "pick_up": "SRID=4326;POINT (15.2573914 -4.3444625)", "drop_off": "SRID=4326;POINT (15.310528 -4.3032527)", "pick_up_geo_code": {"address": "null, M744+5CC, Mbemba, Kinshasa, Democratic Republic of the Congo"}, "drop_off_geo_code": {"address": "Ndjili, M8W6+M6R, Kinshasa"}, "end_at": null, "status": "CANCELED", "billing": "HOUR", "comment": null, "rate": 3}}, {"model": "core.ride", "pk": 67, "fields": {"updated_at": "2023-09-17T16:32:11.862Z", "created_at": "2023-09-17T16:31:16.605Z", "client": 21, "driver": 20, "quote": 56, "cost": "10.00", "cost_currency": "USD", "pick_up": "SRID=4326;POINT (15.312222 -4.3043098)", "drop_off": "SRID=4326;POINT (15.3297063 -4.3277411)", "pick_up_geo_code": {"address": "Hotel Memling, 5D, 5B Av. Rep Du Tchad, Kinshasa"}, "drop_off_geo_code": {"address": "N'Dolo Airport, M8CH+WV4, Kinshasa"}, "end_at": null, "status": "ENDED", "billing": "HOUR", "comment": null, "rate": 1}}, {"model": "core.pricing", "pk": 1, "fields": {"updated_at": "2023-05-31T11:52:31.877Z", "created_at": "2023-05-31T11:45:18.333Z", "start_at": "12:20:00", "end_at": "17:00:00", "cost_per_hour": "123.00", "point": "SRID=4326;POINT (-4.310852060836018 15.288458302085255)", "geofence_range": 250}}]